{
    "loss": 0.36685189604759216,
    "accuracy": 0.9215686321258545
}